product_id,product_name,product_group_name,product_ingredient_name,seasonal,gpt_assisted,product_long_description,product_image_url
1017,Icy Taro Ball Signature,SIGNATURE SERIES,"Taro Balls, Taro Paste, Potaro Balls, Boba, Shaved Ice",FALSE,FALSE,"Our refreshing Icy Taro Ball Signature is made from the finest ingredients including our signature toppings. Each bite combines natural flavors from our finest taro and sweet potato from both Taro Balls and Potaro Balls (Sweet Potato Taro Balls), sweetness from the taro paste and boba, and refreshing elements from the shaved ice.",https://meetfresh.us/wp-content/uploads/2022/10/icy-taro-ball-Signature-1536x1309.png
2000,Icy Grass Jelly Signature,SIGNATURE SERIES,"Taro Balls, Grass Jelly Shaved Ice, Grass Jelly",FALSE,FALSE,"The Icy Grass Jelly Signature is a customer favorite! Expect a perfectly curated dessert featuring chewy taro balls, herbal jelly, and refreshing herbal grass jelly shaved ice. Top it off with Meet Fresh’s signature coffee creamer if you want a creamier texture.",https://meetfresh.us/wp-content/uploads/2019/10/Signature-Icy-Grass-Jelly.png
21007,Hot Red Bean Soup Signature,SIGNATURE SERIES,"Taro Balls, Sesame Rice Balls, Taro, Red Beans, Boba, Red Bean Soup",FALSE,FALSE,"Treat yourself to a bowl of our Hot Red Bean Soup Signature, a perfectly curated bowl of all of your favorite toppings including signature Taro Balls, Sesame Rice Balls, finely selected taro imported from Taiwan, fragrant red beans, soft and chewy boba, and our red bean soup.",https://meetfresh.us/wp-content/uploads/2021/04/Hot-Red-Bean-Soup-Signature-transpareant.png
2013,Hot Grass Jelly Soup Signature,SIGNATURE SERIES,"Mini Q, Red Beans, Boba, Grass Jelly Soup",FALSE,FALSE,"The Hot Grass Jelly Soup Signature is a great alternative to the Icy Grass Jelly Dessert if you’re in the mood for something warmer. This signature dessert includes Mini Q (mini Taro Balls), fragrant red beans, and soft and chewy boba. The base is a hot grass jelly liquid and will solidify when the liquid is no longer hot.",https://meetfresh.us/wp-content/uploads/2021/04/Hot-Grass-Jelly-Signature-trasparent.png
1601,Cold Coco Sago Soup Signature,SIGNATURE SERIES,"Mini Q, Taro, Boba, Coco Mochi, Sago, Coco Sago Soup",FALSE,FALSE,"Treat yourself to a bowl of our Cold Coco Sago Soup Signature filled with Mini Q, a miniature version of our signature Taro Balls, carefully harvested taro imported from Taiwan, soft and chewy boba, coconut flavored mochi, soft and bouncy sago, and freshly made coco sago soup cooked with taro.",https://meetfresh.us/wp-content/uploads/2023/04/Cold-Coco-Sago-Signature-1-1536x1205.png
1021,Icy Taro Ball Combo A,ICY TARO BALL DESSERT COMBOS,"Taro Balls, Red Beans, Peanuts, Boba, Shaved Ice",FALSE,FALSE,"Our refreshing Icy Taro Ball is made from the finest ingredients including our signature Taro Balls. In this combo, toppings include aromatic red beans, crunchy peanuts, and our soft and chewy boba all layered over shaved ice for a refreshing bite.",https://meetfresh.us/wp-content/uploads/2019/10/356a4444-8cf0-45a9-8c66-2d0b7733fb30.png
1022,Icy Taro Ball Combo B,ICY TARO BALL DESSERT COMBOS,"Taro Balls, Taro, Red Beans, Boba, Shaved Ice",FALSE,FALSE,"Our refreshing Icy Taro Ball is made from the finest ingredients including our signature Taro Balls. In Combo B, toppings include our finest selected taro imported from Taiwan, aromatic red beans, and our soft and chewy boba all layered over shaved ice for a refreshing bite.",https://meetfresh.us/wp-content/uploads/2019/10/0986f4d5-f10b-4cff-b60e-5cfcbbade750.png
1023,Icy Taro Ball Combo C,ICY TARO BALL DESSERT COMBOS,"Taro Balls, Melon Jelly, Rice Balls, Boba, Shaved Ice",FALSE,FALSE,"Our refreshing Icy Taro Ball is made from the finest ingredients including our signature Taro Balls. In Combo C, toppings include our sweet and chewy melon jelly, mochi rice balls, and our soft and chewy boba all layered over shaved ice for a refreshing bite.",https://meetfresh.us/wp-content/uploads/2021/02/Icy-Taro-Ball-Combo-C-%E5%86%B0%E8%8A%8B%E5%9C%93C.png
2021,Icy Grass Jelly Combo A,ICY GRASS JELLY DESSERT COMBOS,"Grass Jelly, Red Beans, Peanuts, Boba, Grass Jelly Shaved Ice",FALSE,FALSE,"In Icy Grass Jelly Combo A, toppings include our aromatic herbal grass jelly, fragrant red beans, crunchy peanuts, and soft and chewy boba all layered over a generous serving of signature grass jelly shaved ice. With every bite, you’ll feel cool and refreshed!",https://meetfresh.us/wp-content/uploads/2019/10/5f05f890-b2dc-42ff-9496-5e2a2ffc417f.png
2022,Icy Grass Jelly Combo B,ICY GRASS JELLY DESSERT COMBOS,"Grass Jelly, Taro, Red Beans, Boba, Grass Jelly Shaved Ice",FALSE,FALSE,"In Icy Grass Jelly Combo B, toppings include our aromatic herbal grass jelly, finely selected taro imported from Taiwan, fragrant red beans, and soft and chewy boba all layered over a generous serving of signature grass jelly shaved ice. With every bite, you’ll feel cool and refreshed!",https://meetfresh.us/wp-content/uploads/2019/10/408f0de5-342a-4325-9e0c-26924b7321ee.png
2023,Icy Grass Jelly Combo C,ICY GRASS JELLY DESSERT COMBOS,"Grass Jelly, Melon Jelly, Rice Balls, Boba, Grass Jelly Shaved Ice",FALSE,FALSE,"In Icy Grass Jelly Combo C, toppings include our aromatic herbal grass jelly, sweet and chewy melon jelly made from our Winter Melon Tea, mochi rice balls, and soft and chewy boba all layered over a generous serving of signature grass jelly shaved ice. With every bite, you’ll feel cool and refreshed!",https://meetfresh.us/wp-content/uploads/2023/05/Icy-Grass-Jelly-Combo-C.png
2031,Hot Grass Jelly Soup Combo A,HOT GRASS JELLY SOUP DESSERT COMBOS,"Mini Q, Red Beans, Peanuts, Boba, Grass Jelly Soup",FALSE,FALSE,"The Hot Grass Jelly Dessert Combo is a great alternative to the Icy Grass Jelly Dessert if you’re in the mood for something warmer. Combo A includes Mini Q (mini Taro Balls), fragrant red beans, crunchy peanuts, soft and chewy boba. The base is a hot grass jelly liquid and will solidify when the liquid is no longer hot.",https://meetfresh.us/wp-content/uploads/2019/10/93b487fd-24ce-4f9d-baf3-d39019f8d202.png
2032,Hot Grass Jelly Soup Combo B,HOT GRASS JELLY SOUP DESSERT COMBOS,"Mini Q, Taro, Red Beans,  Boba, Grass Jelly Soup",FALSE,FALSE,"The Hot Grass Jelly Dessert Combo is a great alternative to the Icy Grass Jelly Dessert if you’re in the mood for something warmer. Combo B includes Mini Q (mini Taro Balls), finely harvested taro imported from Taiwan, fragrant red beans, and soft and chewy boba. The base is a hot grass jelly liquid and will solidify when the liquid is no longer hot.",https://meetfresh.us/wp-content/uploads/2019/10/3b45baa9-26e6-436b-93d0-9b1c15fcaea7.png
2033,Hot Grass Jelly Soup Combo C,HOT GRASS JELLY SOUP DESSERT COMBOS,"Mini Q, Melon Jelly, Rice Balls, Boba, Grass Jelly Soup",FALSE,FALSE,"The Hot Grass Jelly Dessert Combo is a great alternative to the Icy Grass Jelly Dessert if you’re in the mood for something warmer. Combo C includes Mini Q (mini Taro Balls), sweet and chewy Melon Jelly, mochi Rice Balls, finely harvested taro imported from Taiwan, fragrant red beans, and soft and chewy boba. The base is a hot grass jelly liquid and will solidify when the liquid is no longer hot.",https://meetfresh.us/wp-content/uploads/2021/04/Hot-Grass-Jelly-Combo-C-transparent.png
21011,Hot Red Bean Soup Combo A,HOT RED BEAN SOUP DESSERT COMBOS,"Taro Balls, Red Beans, Peanuts,  Boba, Red Bean Soup",FALSE,FALSE,"The Hot Red Bean Soup Combo A is a great dessert option if you’re looking for something warm. Combo A toppings include our signature Taro Balls, fragrant red beans, crunchy peanuts, soft and chewy boba, and hot red bean soup.",https://meetfresh.us/wp-content/uploads/2021/03/H-red-bean-soup-3-A-%E7%B4%85%E8%B1%86%E6%B9%AF3%E8%99%9F-scaled.jpg
21012,Hot Red Bean Soup Combo B,HOT RED BEAN SOUP DESSERT COMBOS,"Taro Balls, Taro, Red Beans, Boba, Red Bean Soup",FALSE,FALSE,"The Hot Red Bean Soup Combo B is a great option if you’re looking for something warm. Combo A toppings include our signature Taro Balls, finely selected taro imported from Taiwan, fragrant red beans, soft and chewy boba, and hot red bean soup.",https://meetfresh.us/wp-content/uploads/2021/04/Hot-Red-Bean-Soup-Combo-B-transparent.png
21013,Hot Red Bean Soup Combo C,HOT RED BEAN SOUP DESSERT COMBOS,"Taro Balls, Red Beans, Melon Jelly, Rice Balls, Boba, Hot Red Bean Soup",FALSE,FALSE,"The Hot Red Bean Soup Combo C is a great option if you’re looking for something warm. Combo C toppings include our signature Taro Balls, fragrant red beans, sweet and chewy melon jelly made from our Winter Melon Tea, mochi Rice Balls, soft and chewy boba, and hot red bean soup.",https://meetfresh.us/wp-content/uploads/2023/05/Hot-Red-Bean-Soup-Combo-C.png
1602,Cold Coco Sago Soup Combo A,COLD COCO SAGO SOUP DESSERT COMBOS,"Red Beans, Peanuts, Sago, Mini Q, Coconut Milk",FALSE,FALSE,"In Cold Coco Sago Soup Combo A, toppings include our fragrant red beans, crunchy peanuts, chewy sago, and soft and chewy signature Mini Q, in a refreshing taro and coconut milk base. With every bite, you’ll feel cool and refreshed!",https://meetfresh.us/wp-content/uploads/2023/04/Cold-Coco-Sago-A.png
1603,Cold Coco Sago Soup Combo B,COLD COCO SAGO SOUP DESSERT COMBOS,"Red Beans, Taro, Sago, Mini Q, Coconut Milk",FALSE,FALSE,"In Cold Coco Sago Soup Combo B, toppings include our fragrant red beans, finely selected taro imported from Taiwan, chewy sago, and soft and chewy signature Mini Q, in a refreshing taro and coconut milk base. With every bite, you’ll feel cool and refreshed!",https://meetfresh.us/wp-content/uploads/2023/04/Cold-Coco-Sago-B.png
1604,Cold Coco Sago Soup Combo C,COLD COCO SAGO SOUP DESSERT COMBOS,"Rice Balls, Melon Jelly, Sago, Mini Q, Coconut Milk",FALSE,FALSE,"In Cold Coco Sago Soup Combo C, toppings include sweet and chewy Melon Jelly, mochi rice balls, chewy sago, and soft and chewy signature Mini Q, in a refreshing taro and coconut milk base. With every bite, you’ll feel cool and refreshed!",https://meetfresh.us/wp-content/uploads/2023/04/Cold-Coco-Sago-C.png
91007,Cold Purple Rice Soup Signature,PURPLE RICE SERIES,"Taro Paste, Potaro Balls, Rice Balls, Purple Rice Soup",FALSE,FALSE,"The Cold Purple Rice Soup Signature has been known as a Meet Fresh gem. This traditional dessert is made from glutinous purple rice and cooked with sugar to produce a sweet porridge-like dessert texture that is popular in Taiwan and many other east Asian countries. This porridge-like dessert is sweet, unique, and comforting. Give it a try!",https://meetfresh.us/wp-content/uploads/2021/03/Cold-Purple-Rice-Soup-Signature.jpg
91015,Hot Purple Rice Soup Signature,PURPLE RICE SERIES,"Taro, Potaro Balls, Rice Balls, Purple Rice Soup",FALSE,FALSE,"The Hot Purple Rice Soup Signature has been known as a Meet Fresh gem. This traditional dessert is made from glutinous purple rice and cooked with sugar to produce a sweet porridge-like dessert texture that is popular in Taiwan and many other east Asian countries. This porridge-like dessert is sweet, unique, and comforting. Give it a try!",https://meetfresh.us/wp-content/uploads/2021/03/Hot-Purple-Rice-Soup-Signature-scaled.jpg
91021,Purple Rice Soup Combo A,PURPLE RICE SERIES,"Red Beans, Peanuts, Boba, Purple Rice Soup",FALSE,FALSE,"The Purple Rice Soup Series has been known as a Meet Fresh gem. This traditional dessert is made from glutinous purple rice and cooked with sugar to produce a sweet porridge-like dessert texture that is popular in Taiwan and many east Asian countries. This porridge-like dessert is available both hot and cold and Combo A includes fragrant red beans, soft yet crunchy peanuts, sweet and chewy boba, and purple rice soup. It is sweet, unique, and comforting. Give it a try!",https://meetfresh.us/wp-content/uploads/2021/04/purple-rice-soup-A-%E7%B4%AB%E7%B1%B3%E7%B2%A5A-2048x1757.png
91022,Purple Rice Soup Combo B,PURPLE RICE SERIES,"Taro, Red Beans, Boba, Purple Rice Soup",FALSE,FALSE,"The Purple Rice Soup Series has been known as a Meet Fresh gem. This traditional dessert is made from glutinous purple rice and cooked with sugar to produce a sweet porridge-like dessert texture that is popular in Taiwan and many other east Asian countries. This porridge-like dessert is available both hot and cold and Combo B  includes taro imported from Taiwan,  fragrant red beans, sweet and chewy boba, and purple rice soup. It is sweet, unique, and comforting. Give it a try!",https://meetfresh.us/wp-content/uploads/2021/04/Purple-Rice-Soup-Combo-B-resized-1.png
91004,Purple Rice Soup Combo C,PURPLE RICE SERIES,"Melon Jelly, Rice Balls, Boba, Purple Rice Soup",FALSE,FALSE,"The Purple Rice Soup Series has been known as a Meet Fresh gem. This traditional dessert is made from glutinous purple rice and cooked with sugar to produce a sweet porridge-like dessert texture that is popular in Taiwan and many east Asian countries. This porridge-like dessert is available both hot and cold and Combo C includes sweet and chewy Melon Jelly, chewy mochi rice balls, sweet and chewy boba, and purple rice soup. It is sweet, unique, and comforting. Give it a try!",https://meetfresh.us/wp-content/uploads/2021/04/Purple-Rice-Soup-C-transparent-resized.png
4004,Pudding & Q Mochi Milk Shaved Ice,SHAVED ICE,"Almond Pudding, Caramel Pudding, Mini Q, Q Mochi, Melon Jelly, Ice Cream",FALSE,FALSE,"The Pudding & Q Mochi Milk Shaved Ice is the shaved ice dessert for you if you are craving a variety of toppings. The toppings include both almond and caramel pudding, Mini Q which is the miniature version of our signature Taro Balls, smooth and Q Mochi, sweet and chewy melon jelly, and a scoop of creamy ice cream.",https://meetfresh.us/wp-content/uploads/2021/04/Pudding-Q-Mochi-Milk-Shaved-Ice.png
4005,Q Mochi Milk Shaved Ice,SHAVED ICE,"Mini Q, Melon Jelly, Potaro Balls, Q Mochi, Ice Cream",FALSE,FALSE,"The Q Mochi Milk Shaved Ice is a great option if you love all kinds of toppings! We feature our signature Mini Q  (Mini Taro Balls) and Potaro (Sweet Potato Taro) Balls for a taste of our finely harvested taro and sweet potatoes, sweet and chewy melon jelly, and smooth and chewy Q Mochi and sweet and creamy vanilla ice cream.",https://meetfresh.us/wp-content/uploads/2021/03/Q%E9%BA%BB%E7%B3%AC-N.jpg
4016,Black Sugar Boba Milky Shaved Ice,SHAVED ICE,"Black Sugar Boba, Red Beans, Milk Tea Sauce, Caramel Pudding, Ice Cream",FALSE,FALSE,"If you love the Black Sugar Boba Milk Tea, you’ll love the Black Sugar Boba Milky Shaved Ice. This dessert is packed with sweet and caramelized black sugar boba, fragrant red beans, soft and bouncy caramel pudding, and sweet and creamy vanilla ice cream. ",https://meetfresh.us/wp-content/uploads/2021/03/Black-sugar-boba-milky-%E9%BB%91%E7%B3%96%E7%8F%8D%E7%8F%A0%E5%A5%B6%E8%8C%B6%E5%86%B0-2048x1673.png
4017,Taro Paste Volcano Shaved Ice,SHAVED ICE,"Boba, Red Beans, Caramel Pudding, Mini Q, Taro, Taro Paste, Ice Cream",FALSE,FALSE,"The Taro Paste Volcano Shaved Ice is the perfect shaved ice for taro lovers! Experience taro flavored goodness all throughout this dessert. Toppings include: chewy boba, fragrant red beans, caramel pudding, Mini Q (Mini Taro Balls), taro chunks and taro paste sourced directly from Taiwan, and a scoop of creamy vanilla ice cream. ",https://meetfresh.us/wp-content/uploads/2023/01/%E8%8A%8B%E6%B3%A5%E7%81%AB%E5%B1%B1%E5%86%B0-N-1935x2048.png
,Crystal Mochi Milk Shaved Ice,SHAVED ICE,"Crystal Mochi, Red Beans, Rice Balls, Melon Jelly, Ice Cream",FALSE,FALSE,"The original Red Bean Milk Shaved Ice just got an upgrade! This shaved ice includes our NEW Crystal Mochi, fragrant red beans, mochi rice balls, sweet and chewy melon jelly, and ice cream. It’s a perfect treat if you’re craving something refreshing, sweet, and traditional.",https://meetfresh.us/wp-content/uploads/2023/05/Crystal-Mochi-Milk-Shaved-Ice-2048x2031.png
11201,Original Egg Waffle,EGG WAFFLE,Egg Waffle,FALSE,FALSE,,https://meetfresh.us/wp-content/uploads/2022/10/Original-%E5%8E%9F%E5%91%B3-1-e1665687025271.png
11202,Matcha Egg Waffle,EGG WAFFLE,Matcha Egg Waffle,FALSE,FALSE,,https://meetfresh.us/wp-content/uploads/2022/10/Matcha-%E6%8A%B9%E8%8C%B6-1.png
11203,Chocolate Egg Waffle,EGG WAFFLE,Chocolate Egg Waffle,FALSE,FALSE,,https://meetfresh.us/wp-content/uploads/2022/10/Chocolate-%E5%B7%A7%E5%85%8B%E5%8A%9B-1.png
11205,Matcha Red Bean Egg Waffle,EGG WAFFLE,"Matcha Egg Waffle, Red Beans",FALSE,FALSE,,https://meetfresh.us/wp-content/uploads/2022/10/Matcha-red-bean-%E6%8A%B9%E8%8C%B6%E7%B4%85%E8%B1%86-2.png
11206,Chocolate Chip Egg Waffle,EGG WAFFLE,"Egg Waffle, Chocolate Chip",FALSE,FALSE,,https://meetfresh.us/wp-content/uploads/2023/01/Chocolate-chips-%E9%9B%99%E6%BF%83%E5%B7%A7%E5%85%8B%E5%8A%9B-1.png
11209,Matcha Deluxe Egg Waffle,EGG WAFFLE,"Egg Waffle, Matcha Red Bean, Ice Cream, Q Mochi, Red Beans",FALSE,FALSE,,https://meetfresh.us/wp-content/uploads/2022/10/Matcha-Deluxe-%E6%8A%BA%E8%8C%B6%E7%B4%85%E8%B1%86%E9%BA%BB%E7%B3%AC-1.png
11208,Chocolate Deluxe Egg Waffle,EGG WAFFLE,"Egg Waffle, Chocolate Chips, Ice Cream, Mix Nuts, Chocolate Wafer Rolls, Chocolate Syrup",FALSE,FALSE,,https://meetfresh.us/wp-content/uploads/2022/10/Chocolate-deluxe-%E5%A0%85%E6%9E%9C%E5%B7%A7%E5%85%8B%E5%8A%9B-1.png
5001,Black Tea,TEAS,,FALSE,FALSE,,https://meetfresh.us/wp-content/uploads/2022/10/black-tea.png
5002,Jasmine Green Tea,TEAS,,FALSE,FALSE,,https://meetfresh.us/wp-content/uploads/2022/10/jasmine-green-tea.png
5004,Oolong Tea,TEAS,,FALSE,FALSE,,https://meetfresh.us/wp-content/uploads/2022/10/oolong-tea-1.png
5101,Jin Xuan Oolong Tea,TEAS,,FALSE,FALSE,,https://meetfresh.us/wp-content/uploads/2022/10/jin-xuan-oolong-tea.png
5003,Herbal Tea,HERBAL TEAS,,FALSE,FALSE,,https://meetfresh.us/wp-content/uploads/2022/10/Herbal-Tea.png
7001,Fresh Milk Herbal Tea,HERBAL TEAS,,FALSE,FALSE,,https://meetfresh.us/wp-content/uploads/2022/10/Fresh-Milk-Herbal-Tea.png
7002,Fresh Milk & Grass Jelly Herbal Tea,HERBAL TEAS,,FALSE,FALSE,,https://meetfresh.us/wp-content/uploads/2022/10/Fresh-Milk-Grass-Jelly-Herbal-Tea.png
UNK001,Miss You Drink,HERBAL TEAS,"Red Beans, Red Bean Soup, Hot Grass Jelly",FALSE,FALSE,,https://meetfresh.us/wp-content/uploads/2022/10/Miss-You-Drink.png
UNK002,Black Milk Tea,MILK TEAS,,FALSE,FALSE,,https://meetfresh.us/wp-content/uploads/2022/10/Black-Milk-Tea.png
6002,Jasmine Green Milk Tea,MILK TEAS,,FALSE,FALSE,,https://meetfresh.us/wp-content/uploads/2022/10/Jasmine-Milk-Tea.png
6003,Oolong Milk Tea,MILK TEAS,,FALSE,FALSE,,https://meetfresh.us/wp-content/uploads/2022/10/Black-Milk-Tea.png
5106,Jin Xuan Oolong Milk Tea,MILK TEAS,,FALSE,FALSE,,https://meetfresh.us/wp-content/uploads/2022/10/Jin-Xuan-Oolong-Tea-1.png
7004,Boba Milk Tea,MILK TEAS,,FALSE,FALSE,,https://meetfresh.us/wp-content/uploads/2022/10/Boba-Milk-Tea.png
7030,Black Sugar Boba Milk Tea,MILK TEAS,,FALSE,FALSE,,https://meetfresh.us/wp-content/uploads/2022/10/Black-Sugar-Boba-Milk-Tea.png
6004,Grass Jelly Milk Tea,MILK TEAS,,FALSE,FALSE,,https://meetfresh.us/wp-content/uploads/2022/10/Grass-Jelly-Milk-Tea.png
6005,Pudding Milk Tea,MILK TEAS,,FALSE,FALSE,,https://meetfresh.us/wp-content/uploads/2022/10/Caramel-Pudding-Milk-Tea.png
6012,Mini Q Milk Tea,MILK TEAS,,FALSE,FALSE,,https://meetfresh.us/wp-content/uploads/2022/10/Mini-Q-Milk-Tea.png
UNK003,Win Win Milk Tea,MILK TEAS,"Milk Tea, Boba, Lychee Jelly",FALSE,FALSE,,https://meetfresh.us/wp-content/uploads/2022/10/Win-Win-Milk-Tea.png
7022,Fresh Milk Black Tea,FRESH MILK,,FALSE,FALSE,,https://meetfresh.us/wp-content/uploads/2022/10/Fresh-Milk-Black-Tea.png
7005a,Fresh Milk Green Tea,FRESH MILK,,FALSE,FALSE,,https://meetfresh.us/wp-content/uploads/2022/10/Fresh-Milk-Green-Tea.png
7024,Fresh Milk Oolong Tea,FRESH MILK,,FALSE,FALSE,,https://meetfresh.us/wp-content/uploads/2022/10/Fresh-Milk-Oolong-Tea.png
UNK004,Fresh Milk Jin Xuan Tea,FRESH MILK,,FALSE,FALSE,,https://meetfresh.us/wp-content/uploads/2022/10/Fresh-Milk-Jin-Xuan-Oolong-Tea.png
7013,Boba Fresh Milk Tea,FRESH MILK,,FALSE,FALSE,,https://meetfresh.us/wp-content/uploads/2022/10/Boba-Fresh-Milk-Tea.png
7021,Black Sugar Boba Fresh Milk,FRESH MILK,,FALSE,FALSE,,https://meetfresh.us/wp-content/uploads/2022/10/Black-Sugar-Boba-Fresh-Milk-1.png
7028,Taro Paste Fresh Milk Tea,FRESH MILK,,FALSE,FALSE,,https://meetfresh.us/wp-content/uploads/2022/10/Taro-Paste-Fresh-Milk-Tea.png
5005,Winter Melon Tea,WINTER MELON TEAS,,FALSE,FALSE,,https://meetfresh.us/wp-content/uploads/2022/10/Winter-Melon-Tea.png
12001,Lemon Winter Melon Tea,WINTER MELON TEAS,,FALSE,FALSE,,https://meetfresh.us/wp-content/uploads/2022/10/Lemon-Winter-Melon-Tea.png
12002,Grass Jelly Winter Melon Tea,WINTER MELON TEAS,,FALSE,FALSE,,https://meetfresh.us/wp-content/uploads/2022/10/Grass-Jelly-Winter-Melon-Tea.png
7003,Fresh Milk Winter Melon Tea,WINTER MELON TEAS,,FALSE,FALSE,,https://meetfresh.us/wp-content/uploads/2022/10/Fresh-Milk-Winter-Melon-Tea.png
12003,Mini Q Winter Melon Tea,WINTER MELON TEAS,,FALSE,FALSE,,https://meetfresh.us/wp-content/uploads/2022/10/Mini-Q-Winter-Melon-Tea.png
12004,QQ Winter Melon Tea,WINTER MELON TEAS,,FALSE,FALSE,,https://meetfresh.us/wp-content/uploads/2022/10/QQ-Winter-Melon-Tea.png
5021,Mango Green Tea Slush,SLUSH,,FALSE,FALSE,,https://meetfresh.us/wp-content/uploads/2022/10/Mango-Green-Tea-Slush-2.png
UNK005,Mixed Fruit Green Tea Slush,SLUSH,,FALSE,FALSE,,https://meetfresh.us/wp-content/uploads/2022/10/Mixed-Fruit-Green-Tea-Smoothie-3.png
20201,Strawberry Smoothie,SLUSH,,FALSE,FALSE,,https://meetfresh.us/wp-content/uploads/2022/10/Strawberry-Smoothie.png
8006,Fluffy Grass Jelly Slush,SLUSH,,FALSE,FALSE,,https://meetfresh.us/wp-content/uploads/2022/10/Fluffy-Grass-Jelly-Slush-1.png
8001,Fluffy Black Tea,FLUFFY TEAS,,FALSE,FALSE,,https://meetfresh.us/wp-content/uploads/2023/01/%E7%B4%85%E8%8C%B6%E9%AE%AE%E5%A5%B6%E9%9C%9C-scaled.jpg
8002,Fluffy Green Tea,FLUFFY TEAS,,FALSE,FALSE,,https://meetfresh.us/wp-content/uploads/2023/01/%E7%B6%A0%E8%8C%B6%E9%AE%AE%E5%A5%B6%E9%9C%9C-scaled.jpg
8012,Fluffy Oolong Tea,FLUFFY TEAS,,FALSE,FALSE,,https://meetfresh.us/wp-content/uploads/2023/01/%E7%B4%85%E8%8C%B6%E9%AE%AE%E5%A5%B6%E9%9C%9C-scaled.jpg
5108,Fluffy Jin Xuan Tea,FLUFFY TEAS,,FALSE,FALSE,,https://meetfresh.us/wp-content/uploads/2023/04/%E7%B6%A0%E8%8C%B6%E9%AE%AE%E5%A5%B6%E9%9C%9C-scaled.jpg
8003,Fluffy Herbal Tea,FLUFFY TEAS,,FALSE,FALSE,,https://meetfresh.us/wp-content/uploads/2021/04/Fluffy-herbal-tea-%E4%BB%99%E8%8D%89%E9%AE%AE%E5%A5%B6%E9%9C%9C-1.jpg
8004,Fluffy Winter Melon Tea,FLUFFY TEAS,,FALSE,FALSE,,https://meetfresh.us/wp-content/uploads/2023/01/%E5%86%AC%E7%93%9C%E9%AE%AE%E5%A5%B6%E9%9C%9C-scaled.jpg
8005,Fluffy Mini Q Winter Melon Tea,FLUFFY TEAS,,FALSE,FALSE,,https://meetfresh.us/wp-content/uploads/2023/01/%E5%B0%8F%E8%8A%8B%E5%9C%93%E5%86%AC%E7%93%9C%E9%AE%AE%E5%A5%B6%E9%9C%9C-scaled.jpg
5019,Passion Fruit Green Tea,FRUIT TEAS,,FALSE,FALSE,,https://meetfresh.us/wp-content/uploads/2023/01/%E7%99%BE%E9%A6%99%E6%9E%9C%E7%B6%A0%E8%8C%B6-pf-green-tea-scaled.jpg
20101,Mango Green Tea,FRUIT TEAS,,FALSE,FALSE,,https://meetfresh.us/wp-content/uploads/2023/01/%E8%8A%92%E6%9E%9C%E7%B6%A0%E8%8C%B6-mango-green-tea.png
20102,Mango & Passion Fruit Green Tea,FRUIT TEAS,,FALSE,FALSE,,https://meetfresh.us/wp-content/uploads/2023/01/%E8%8A%92%E6%9E%9C%E7%99%BE%E9%A6%99%E7%B6%A0%E8%8C%B6-mango-pf-green-tea-cropped.png
20103,Mango & Orange Green Tea,FRUIT TEAS,,FALSE,FALSE,,https://meetfresh.us/wp-content/uploads/2023/01/%E8%8A%92%E6%9E%9C%E6%9F%B3%E6%A9%99%E7%B6%A0%E8%8C%B6-mango-orange-green-tea.png
5011,Orange & Passion Fruit Green Tea,FRUIT TEAS,,FALSE,FALSE,,https://meetfresh.us/wp-content/uploads/2023/01/%E6%A9%99%E5%AD%90%E7%99%BE%E9%A6%99%E7%B6%A0-orange-pf-green-tea.png
UNK006,Boba Latte,COFFEE SERIES,,FALSE,FALSE,,https://meetfresh.us/wp-content/uploads/2021/04/Boba-latte-%E7%8F%8D%E7%8F%A0%E6%8B%BF%E9%90%B5-1.jpg
6023,Coffee Milk Tea,COFFEE SERIES,,FALSE,FALSE,,https://meetfresh.us/wp-content/uploads/2021/04/Coffee-milk-tea-%E9%B4%9B%E9%B4%A6%E5%92%96%E5%95%A1-1.jpg
20212,Coffee Smoothie,COFFEE SERIES,,FALSE,FALSE,,https://meetfresh.us/wp-content/uploads/2021/04/Coffee-smoothie-%E5%92%96%E5%95%A1%E5%86%B0%E6%B2%99-1.jpg
UNK007,Coffee Egg Waffle,COFFEE SERIES,,FALSE,FALSE,,https://meetfresh.us/wp-content/uploads/2022/10/Original-%E5%8E%9F%E5%91%B3-1-1-e1665692034694.png
1606,Coco Sago Drink,COLD COCO SAGO DRINKS,,FALSE,FALSE,,https://meetfresh.us/wp-content/uploads/2023/05/Coco-Sago-Drink-resized.png
1608,Coco Mochi Sago Drink,COLD COCO SAGO DRINKS,,FALSE,FALSE,,https://meetfresh.us/wp-content/uploads/2023/05/Coco-Mochi-Sago-Drink-resized.png
1607,Mini Q Coco Sago Drink,COLD COCO SAGO DRINKS,,FALSE,FALSE,,https://meetfresh.us/wp-content/uploads/2023/05/Mini-Q-Coco-Sago-Drink-resized.png
11003,Boba Caramel Pudding,SMALL BITES,,FALSE,FALSE,,https://meetfresh.us/wp-content/uploads/2021/02/-e1613771171239.png
11004,Red Bean Almond Pudding,SMALL BITES,,FALSE,FALSE,,https://meetfresh.us/wp-content/uploads/2019/10/Almond-Pudding-w-Red-Bean.png
11017,Q Mochi & Caramel Pudding,SMALL BITES,,FALSE,FALSE,,https://meetfresh.us/wp-content/uploads/2019/10/Q-Mochi-Egg-Pudding-Combo.png
11008,Q Mochi & Almond Pudding,SMALL BITES,,FALSE,FALSE,,https://meetfresh.us/wp-content/uploads/2019/10/c93e30fc-248a-4b9b-ad5a-fc3ddd9185fa.png
11007,Q Mochi,SMALL BITES,,FALSE,FALSE,Smooth and stretchy glutinous rice cake with an added chewy texture,https://meetfresh.us/wp-content/uploads/2019/10/Q-Mochi.png
11002,Mung Bean Cakes,SMALL BITES,,FALSE,FALSE,,https://meetfresh.us/wp-content/uploads/2019/10/5c3ea6d1-2d1a-402a-a854-5cfbda55de92.png
UNK008,Coated Popcorn: Brown Sugar,SMALL BITES,,FALSE,FALSE,,https://meetfresh.us/wp-content/uploads/2022/10/-1-e1665689839739.png
UNK009,Coated Popcorn: Salted Egg Yolk,SMALL BITES,,FALSE,FALSE,,https://meetfresh.us/wp-content/uploads/2022/10/-1-e1665689908114.png
2016,Double Taro Signature,SIGNATURE SERIES,"Grass jelly, Grass Jelly, Shaved Ice, Taro Balls, Taro Paste, Ice Cream",FALSE,TRUE,"Experience the ultimate indulgence with our Double Taro Signature dessert. This delectable creation combines the silky smoothness of grass jelly, the refreshing texture of shaved ice, and the delightful chewiness of taro balls. With the luscious taro paste and a dollop of creamy ice cream, every spoonful is a heavenly delight that will leave you craving more.",https://meetfresh.us/wp-content/uploads/2023/01/%E9%9B%99%E8%8A%8B%E6%8B%9B%E7%89%8C-1.png
9001,Purple Rice Milk Tea,PURPLE RICE SERIES,"Milk Tea, Purple Rice",FALSE,TRUE,"Chewy, high in protein and fiber purple rice mixed with our tried and tested milk-tea! This unique creation combines the fragrant essence of milk tea with the nutty undertones of purple rice, resulting in a harmonious and delightful beverage.",https://meetfresh.us/wp-content/uploads/2021/04/purple-rice-drink-milk-tea-%E7%B4%AB%E7%B1%B3%E5%A5%B6%E8%8C%B6.jpg
9005,Purple Rice with Fresh Milk,PURPLE RICE SERIES,"Fresh Milk, Purple Rice",FALSE,TRUE,"This enchanting concoction combines the goodness of creamy fresh milk with the wholesome essence of purple rice, resulting in a truly indulgent treat. Each sip brings together the velvety smoothness of fresh milk and the delightful nuttiness of purple rice, creating a harmonious fusion of flavors that will captivate your taste buds.",https://meetfresh.us/wp-content/uploads/2021/04/purple-rice-drink-fresh-milk-%E7%B4%AB%E7%B1%B3%E9%AE%AE%E5%A5%B6.jpg
9006,Purple Rice Drink with Mini Q & Fresh Milk,PURPLE RICE SERIES,"Fresh Milk, Purple Rice, Mini Q",FALSE,TRUE,"Dive into the nutty goodness of purple rice, accompanied by the chewy delight of taro balls, all perfectly complemented by the creamy richness of fresh milk. Every sip is a journey of indulgence, as the smoothness of the milk intertwines with the delightful combination of purple rice and taro balls. ",https://meetfresh.us/wp-content/uploads/2021/04/Mini-Q-purple-rice-drink-%E7%B4%AB%E7%B1%B3%E5%B0%8F%E8%8A%8B%E5%9C%93.jpg
9010,Purple Rice Drink with Boba & Fresh Milk,PURPLE RICE SERIES,"Fresh Milk, Purple Rice, Boba",FALSE,TRUE,"Savor the perfect blend of flavors in our Purple Rice Drink with Boba & Fresh Milk. Indulge in the nutty essence of purple rice, combined with the delightful chewiness of boba, all immersed in the creamy richness of fresh milk.",https://meetfresh.us/wp-content/uploads/2021/04/Boba-purple-rice-drink-%E7%B4%AB%E7%B1%B3%E7%8F%8D%E7%8F%A0.jpg
,Creamy Milk,SOFT SERVE SERIES,Ice Cream,FALSE,TRUE,"Experience the epitome of indulgence with Meet Fresh's Creamy Milk ice cream. Made with the utmost care and using the finest ingredients, this velvety treat is a true delight for ice cream enthusiasts.",https://meetfresh.us/wp-content/uploads/2021/05/3.%E5%8E%9F%E5%91%B3%E9%9C%9C%E6%B7%87%E6%B7%8B-2.png
12003,Mini Q & Melon Jelly,SOFT SERVE SERIES,"Ice Cream, Mini Q, Melon Jelly",FALSE,TRUE,Indulge in the perfect blend of creamy Mini Q ice cream and the refreshing burst of melon jelly. Each bite is a harmonious balance of creamy sweetness and juicy melon goodness.,https://meetfresh.us/wp-content/uploads/2021/05/1.%E5%B0%8F%E8%8A%8B%E5%9C%93%E5%86%AC%E7%93%9C%E5%87%8D%E9%9C%9C%E6%B7%87%E6%B7%8B-5.png
11003,Boba & Caramel Pudding,SOFT SERVE SERIES,"Ice Cream, Boba, Caramel Pudding",FALSE,TRUE,"Indulge in the creamy richness of boba-infused ice cream, adorned with swirls of delectable caramel pudding. Each spoonful is a delightful combination of chewy boba pearls and velvety smooth caramel, creating a symphony of flavors and textures that will leave you craving more.",https://meetfresh.us/wp-content/uploads/2021/05/1.%E5%B8%83%E4%B8%81%E7%8F%8D%E7%8F%A0%E9%9C%9C%E6%B7%87%E6%B7%8B-1-1.png
3031,Plain Tofu Pudding,TOFU PUDDING,Tofu Pudding,FALSE,TRUE,"Crafted with care, this silky-smooth dessert is a delightful treat for those seeking a lighter and healthier indulgence. Made from the finest ingredients and boasting a subtle sweetness, each spoonful of Tofu Pudding offers a gentle texture that melts in your mouth, leaving you with a feeling of pure contentment.",https://meetfresh.us/wp-content/uploads/2021/04/Tofu-pudding-base.jpg
3002,Red Bean Tofu Pudding,TOFU PUDDING,"Red Beans, Tofu Pudding",FALSE,TRUE,Delight in the harmonious blend of tradition and innovation with Meet Fresh's Red Bean Tofu Pudding. This exquisite dessert beautifully combines the timeless allure of red beans with the smoothness of our signature tofu pudding.,https://meetfresh.us/wp-content/uploads/2019/10/36511aac-daee-45c2-bb2b-79cd4b97eb77.png
3006,Boba Tofu Pudding,TOFU PUDDING,"Boba, Tofu Pudding",FALSE,TRUE,This unique creation combines the velvety smoothness of our signature tofu pudding with the chewy goodness of boba pearls. Indulge in the contrasting textures and flavors as the boba pearls add a playful twist to each spoonful of silky tofu pudding.,https://meetfresh.us/wp-content/uploads/2019/10/e13ee4c1-ead8-4b37-b46e-4786286c8595.png
3004,Peanut Tofu Pudding,TOFU PUDDING,"Peanuts, Tofu Pudding",FALSE,TRUE,"Savor the irresistible charm of Meet Fresh's Peanut Tofu Pudding, a delightful blend of flavors that will captivate your taste buds. Immerse yourself in the velvety smoothness of our signature tofu pudding, enhanced with the rich and nutty essence of peanuts.",https://meetfresh.us/wp-content/uploads/2019/10/0c0cb517-b86a-4e29-8021-c83ed26d4429.png
3007,Rice Ball Tofu Pudding,TOFU PUDDING,"Rice Balls, Tofu Pudding",FALSE,TRUE,"Immerse yourself in the silky smoothness of our signature tofu pudding, accompanied by the delightful chewiness of rice balls. Each spoonful offers a playful dance of textures, as the tender rice balls add a touch of whimsy to the creamy pudding.",https://meetfresh.us/wp-content/uploads/2019/10/50d18bcb-042a-4718-bf87-78492f7dfd36.png
3010,Taro Ball Tofu Pudding,TOFU PUDDING,"Taro Balls, Tofu Pudding",FALSE,TRUE,"Meet Fresh's Taro Ball Tofu Pudding is a delightful blend of flavors that will tantalize your taste buds. Immerse yourself in the velvety smoothness of our signature tofu pudding, accompanied by the chewy indulgence of taro balls. ",https://meetfresh.us/wp-content/uploads/2019/10/94f38c89-3116-495a-8f6b-973b0f1d9333.png
3009,Taro Tofu Pudding,TOFU PUDDING,"Taro, Tofu Pudding",FALSE,TRUE,"Discover the sublime elegance of Meet Fresh's Taro Tofu Pudding, a captivating treat that will satisfy your dessert cravings. Each spoonful offers a delicate balance of creamy texture and the subtle sweetness of taro, creating a truly blissful experience.",https://meetfresh.us/wp-content/uploads/2019/10/ffe89275-67f0-485b-ab6e-898a6c8b1b95.png
3011,Mini Q Tofu Pudding,TOFU PUDDING,"Mini Q, Tofu Pudding",FALSE,TRUE,"xperience the delightful chewiness of Meet Fresh's Mini Q Tofu Pudding, a unique and satisfying treat. Immerse yourself in the silky smoothness of our signature tofu pudding, accompanied by the playful texture of Mini Q.",https://meetfresh.us/wp-content/uploads/2021/03/Mini-Q-%E5%B0%8F%E8%8A%8B%E5%9C%93%E8%B1%86%E8%8A%B1-scaled.jpg
3024,Potaro Ball Tofu Pudding,TOFU PUDDING,"Potaro Balls, Tofu Pudding",FALSE,TRUE,"Discover a delightful twist on a classic with Meet Fresh's Potaro Ball Tofu Pudding. Immerse yourself in the velvety smoothness of our signature tofu pudding, complemented by the playful and chewy Potaro Balls.",https://meetfresh.us/wp-content/uploads/2023/04/Potaro-Ball-Tofu-Pudding-2048x1931.png
1101,Hot Almond Soup Signature,SIGNATURE SERIES,"Mini Q, Red Beans,  Boba, Almond Flakes, Almond Soup",TRUE,FALSE,"Treat yourself to a bowl of our Hot Almond Soup Signature filled with Mini Q, a miniature version of our signature Taro Balls, fragrant red beans, soft and chewy boba, finely shaven almond flakes, and almond soup.",https://meetfresh.us/wp-content/uploads/2021/04/Hot-Almond-Soup-Signature-Transparent-1536x1323.png
1102,Hot Almond Soup Combo A,HOT ALMOND SOUP DESSERT COMBOS,"Taro Balls, Red Beans, Peanuts,  Boba, Almond Flakes, Almond Soup",TRUE,FALSE,"Our Seasonal Hot Almond Soup is a perfect winter treat! Toppings include our soft and chewy signature Taro Balls, fragrant red beans, soft and crunchy peanuts, chewy boba, crunchy almond flakes, and hot almond soup.",https://meetfresh.us/wp-content/uploads/2019/10/37e154fc-45ab-459b-94bc-0427e40c7a49.png
1103,Hot Almond Soup Combo B,HOT ALMOND SOUP DESSERT COMBOS,"Taro Balls, Taro, Red Beans, Boba, Almond Flakes, Almond Soup",TRUE,FALSE,"Our Seasonal Hot Almond Soup is a perfect winter treat! Toppings include our soft and chewy signature Taro Balls, carefully harvested taro imported from Taiwan, fragrant red beans, chewy boba, and crunchy almond flakes, and hot almond soup.",https://meetfresh.us/wp-content/uploads/2019/10/130d2190-c3c2-4acb-b2f4-d97653555cec.png
1104,Hot Almond Soup Combo C,HOT ALMOND SOUP DESSERT COMBOS,"Taro Balls, Melon Jelly, Rice Balls, Boba, Almond Flakes, Almond Soup",TRUE,FALSE,"Our Seasonal Hot Almond Soup is a perfect winter treat! Toppings include our soft and chewy signature Taro Balls, sweet and chewy melon jelly, mochi rice balls, chewy boba, crunchy almond flakes, and hot almond soup.",https://meetfresh.us/wp-content/uploads/2021/04/Hot-Almond-Soup-Combo-C-transparent-2048x1702.png
4008,Strawberry Milk Shaved Ice,SHAVED ICE,"Strawberry, Strawberry Syrup, Condensed Milk, Ice Cream",TRUE,FALSE,"The Strawberry Milk Shaved Ice features fresh seasonal strawberries, strawberry syrup, a scoop of creamy vanilla ice cream, and lastly, drizzled condensed milk to top it all off.",https://meetfresh.us/wp-content/uploads/2021/04/Strawberry-Milk-Shaved-Ice.png
4007,Mango Milk Shaved Ice,SHAVED ICE,"Mango, Mango Syrup, Condensed Milk, Ice Cream",TRUE,FALSE,"The Mango Milk Shaved Ice features fresh seasonal mango, mango syrup, a scoop of creamy vanilla ice cream, and lastly, drizzled condensed milk to top it all off. A great treat for the summer months!",https://meetfresh.us/wp-content/uploads/2021/04/Mango-Milk-Shaved-Ice.png
4011,Mangoberry Milk Shaved Ice,SHAVED ICE,"Mango, Strawberry, Mango Syrup, Strawberry Syrup, Condensed Milk, Ice Cream",TRUE,FALSE,"The Mangoberry Milk Shaved Ice is a delectable combination of fresh seasonal fruits including mangos and strawberries, mango and strawberry syrup, a scoop of creamy vanilla ice cream, and lastly, drizzled condensed milk to top it all off. Perfect to enjoy during the warm summer months!",https://meetfresh.us/wp-content/uploads/2021/03/Mangoberry-milk-%E9%9B%99%E5%AD%90%E6%98%9F%E5%86%B0-scaled.jpg
1111,Hot Almond Drink,SEASONAL DRINKS,,TRUE,FALSE,,https://meetfresh.us/wp-content/uploads/2019/10/6e69b595-2297-4ba8-913d-5f3f348e3142.png
1112,Boba Hot Almond Drink,SEASONAL DRINKS,,TRUE,FALSE,,https://meetfresh.us/wp-content/uploads/2019/10/2a05b8fc-c037-4aa8-9d5c-0763d7d4f31b.png
1114,Mini Q Hot Almond Drink,SEASONAL DRINKS,,TRUE,FALSE,,https://meetfresh.us/wp-content/uploads/2019/10/e4cec7c2-ea8a-4540-b51f-554bd7536ec6.png
1110,Hot Almond Purple Rice Soup,PURPLE RICE SERIES,"Purple Rice Soup, Almond Flakes",TRUE,TRUE,"Warm your soul with our comforting Hot Almond Purple Rice Soup. This delightful concoction features a hearty base of Purple Rice Soup, cooked to perfection for a comforting and satisfying experience. Topped with a sprinkle of almond flakes, each spoonful offers a delightful crunch and a subtle nutty flavor that adds an extra layer of richness to this comforting dessert. Indulge in this cozy treat and let the soothing warmth and delightful combination of flavors transport you to a state of pure bliss.",https://meetfresh.us/wp-content/uploads/2019/10/e79f4120-b310-4d1a-8d76-606c39e30b58.png
1108,Hot Almond Soup Tofu Pudding,TOFU PUDDING,"Almond Soup, Tofu Pudding",TRUE,TRUE,"Warm your soul with Meet Fresh's Hot Almond Soup Tofu Pudding, a comforting treat that will envelop you in pure bliss. Immerse yourself in the velvety smoothness of our signature tofu pudding, accompanied by the soothing warmth of hot almond soup.",https://meetfresh.us/wp-content/uploads/2021/04/Hot-almond-soup-tofu-pudding-%E6%9D%8F%E4%BB%81%E7%87%92%E8%B1%86%E8%8A%B1-scaled.jpg